{"chunk_definitions":[{"row":25,"row_count":1,"visible":true,"expansion_state":0,"options":{"engine":"r","label":"setup","include":false},"document_id":"E7C35718","chunk_id":"csetup_chunk","chunk_label":"setup"},{"row":41,"row_count":1,"visible":true,"expansion_state":0,"options":{"engine":"r","label":"unnamed-chunk-2"},"document_id":"E7C35718","chunk_id":"cm1wfdgtrpz1x","chunk_label":"unnamed-chunk-1"}],"doc_write_time":1696530254,"working_dir":null,"default_chunk_options":{"echo":true,"message":false,"warning":false}}